Name,Tm,G,TBF,ERA,H,2B,3B,R,HR,BB,SO,SLG
Austin Gomber,COL,15,80,13.8,29,4,0,23,4,8,11,0.642857142
Bryse Wilson,MIL,11,45,6.51724138,6,1,0,7,2,7,11,0.382352941
David Peterson,NYM,5,19,0.0,2,0,0,0,0,2,5,0.125
MacKenzie Gore,WSN,16,67,1.6875,12,2,0,3,2,6,26,0.333333333
Hunter Brown,HOU,15,77,10.43181818,27,2,0,17,3,7,21,0.550724637
Yariel Rodriguez,TOR,6,26,3.0,4,1,0,3,0,4,4,0.227272727
